channel_id,channel_link,channel_name,channel_type,country,country_rank,created_date,daily_subs_average,daily_views_average,estimated_monthly_income,people_rank,social_blade_rank,socialblade_url,subscriber_rank,subscribers,subscribers_last_30_days,uploads,video_view_rank,views,views_last_30_days,yearly_income
@answeredthatforyou,https://youtube.com/@answeredthatforyou,Answered That For You,entertainment,US,729th,"Jan 4th, 2023",+8.33K,"+8,910,872",€60.8K - €973.1K,750th,3rd,https://socialblade.com/youtube/channel/UClWKFXdU50yb6ZGwQXtLlQw,966th,4.03M,250K,1347,"2,547th",4035906101,267.326M,€729.8K - €11.7M
@supermaxim,https://youtube.com/@supermaxim,Super Max,entertainment,US,191st,"Jul 26th, 2017",+23.3K,"+28,718,953",€196K - €3.1M,194th,95th,https://socialblade.com/youtube/channel/UCaUYEpZMc9SLaqb5oLxGOFw,327th,13.1M,700K,2541,375th,13653407193,861.569M,€2.4M - €37.6M
@likenastyaofficial,https://youtube.com/@likenastyaofficial,Like Nastya,entertainment,US,5th,"Dec 6th, 2016",+33.3K,"+26,334,394",€179.7K - €2.9M,5th,91st,https://socialblade.com/youtube/channel/UCJplp5SjeGSdVdwsfb9Q7lQ,9th,115M,1M,881,6th,100308322193,790.032M,€2.2M - €34.5M
@jhousejr.,https://youtube.com/@jhousejr.,J House jr.,entertainment,US,908th,"Jun 1st, 2019",+48.3K,"+32,652,958",€222.9K - €3.6M,927th,82nd,https://socialblade.com/youtube/channel/UC57LcmyyZGQ2azPREsxwWSw,"1,147th",2.5M,1.45M,1478,"9,121st",1789647115,979.589M,€2.7M - €42.8M
@herohardy,https://youtube.com/@herohardy,Hows Hardy,N/A,US,866th,"Jan 2nd, 2022",+1.33K,"+824,780",€5.6K - €90.1K,--,106th,https://socialblade.com/youtube/channel/UC6lVSi_MZ5IZPECkOU0oXoA,"1,105th",2.62M,40K,210,"22,382nd",738158793,24.743M,€67.5K - €1.1M
@filaretiki,https://youtube.com/@filaretiki,Filaretiki,people,US,90th,"Mar 24th, 2021",+20K,"+21,275,320",€145.2K - €2.3M,30th,96th,https://socialblade.com/youtube/channel/UC7Lta_EuGv5BXoLTpUutvBA,212th,24.5M,600K,3369,108th,24719854721,638.26M,€1.7M - €27.9M
@cosefnastyashorts,https://youtube.com/@cosefnastyashorts,COSEFNASTYA SHORTS,N/A,US,703rd,"Apr 1st, 2022",+32.6K,"+27,094,075",€184.9K - €3M,--,107th,https://socialblade.com/youtube/channel/UC5MuvnWFIi1RH_ZBMsrFXuw,940th,4.51M,980K,763,"3,428th",3482371520,812.822M,€2.2M - €35.5M
@lankybox,https://youtube.com/@lankybox,LankyBox,games,US,35th,"Jul 30th, 2016",+30K,"+24,436,334",€166.8K - €2.7M,9th,115th,https://socialblade.com/youtube/channel/UCSf0s2ogUVYpJPuzW1zpAOg,111th,37.2M,900K,11418,25th,42533308964,733.09M,€2M - €32M
@viralhog,https://youtube.com/@viralhog,ViralHog,animals,US,98th,"Aug 22nd, 2014",+20K,"+24,578,478",€167.7K - €2.7M,2nd,105th,https://socialblade.com/youtube/channel/UC3339WgBDKIcxTfywuSmG8w,222nd,23.5M,600K,46405,69th,28856119379,737.354M,€2M - €32.2M
N/A,,USA VS FRANCE,people,US,"1,274th","Aug 13th, 2021",+25.3K,"+23,954,628",€163.5K - €2.6M,"1,098th",110th,https://socialblade.com/youtube/channel/UCZSCu6ZEClV54UkVQHr3lpg,"1,528th",763K,761K,175,"22,883rd",718810616,718.639M,€2M - €31.4M
@belitskay,https://youtube.com/@belitskay,Diana Belitskay,people,US,147th,"Nov 25th, 2014",+33.3K,"+24,771,499",€169.1K - €2.7M,65th,94th,https://socialblade.com/youtube/channel/UCqOwcxgDCjnHNgMt9A3Ua8w,282nd,17.6M,1M,3265,340th,14143711944,743.145M,€2M - €32.5M
@kidsdianashow,https://youtube.com/@kidsdianashow,✿ Kids Diana Show,entertainment,US,3rd,"May 12th, 2015",+33.3K,"+23,796,929",€162.4K - €2.6M,3rd,102nd,https://socialblade.com/youtube/channel/UCk8GzjMOrta8yxDcKfylJYw,6th,122M,1M,1209,5th,102950222819,713.908M,€1.9M - €31.2M
@xinxin889,https://youtube.com/@xinxin889,昕昕,N/A,US,973rd,"Jan 24th, 2024",+31K,"+25,702,180",€175.4K - €2.8M,--,90th,https://socialblade.com/youtube/channel/UCukNqkkPLIBakMKNG-89Bmg,"1,215th",1.75M,931K,71,"13,465th",1322643884,771.065M,€2.1M - €33.7M
@kidsromashow,https://youtube.com/@kidsromashow,★ Kids Roma Show,entertainment,US,42nd,"May 12th, 2015",+50K,"+25,486,670",€173.9K - €2.8M,54th,74th,https://socialblade.com/youtube/channel/UCx790OVgpTC1UVBQIqu3gnQ,131st,34.2M,1.5M,703,358th,13663129486,764.6M,€2.1M - €33.4M
@jasonderulo,https://youtube.com/@jasonderulo,Jason Derulo,music,US,51st,"Jul 21st, 2008",+36.6K,"+30,664,104",€209.3K - €3.3M,52nd,67th,https://socialblade.com/youtube/channel/UCe3yZzUwpmy2eKKmF9svX0Q,149th,31.7M,1.1M,3059,139th,22395592895,919.923M,€2.5M - €40.2M
@vladandniki,https://youtube.com/@vladandniki,Vlad and Niki,entertainment,US,4th,"Apr 23rd, 2018",+33.3K,"+33,232,888",€226.8K - €3.6M,4th,42nd,https://socialblade.com/youtube/channel/UCvlE5gTbOvjiolFlEm-c_Ow,8th,117M,1M,711,7th,90164133425,996.987M,€2.7M - €43.5M
@_vector_,https://youtube.com/@_vector_,_vector_,comedy,US,84th,"Mar 24th, 2019",+36.6K,"+27,879,212",€190.3K - €3M,19th,66th,https://socialblade.com/youtube/channel/UCzJ53fi4NuDCYWOk9PtEkCA,205th,25.3M,1.1M,535,221st,17645804732,836.376M,€2.3M - €36.5M
@korayzeynep,https://youtube.com/@korayzeynep,Koray Zeynep,people,US,93rd,"Jul 8th, 2016",+23.3K,"+31,186,012",€212.8K - €3.4M,32nd,49th,https://socialblade.com/youtube/channel/UCTAacyv5T4cSus1W4D6eBfA,216th,24.1M,700K,3158,133rd,22792153490,935.58M,€2.6M - €40.9M
@chefkoudy,https://youtube.com/@chefkoudy,chefkoudy,howto,US,570th,"May 13th, 2020",+20.3K,"+32,329,309",€220.6K - €3.5M,176th,58th,https://socialblade.com/youtube/channel/UCDQ2HViwQh37NhOENDRsWKw,806th,5.68M,610K,1075,601st,10219268114,969.879M,€2.6M - €42.4M
@oscarsfunnyworld,https://youtube.com/@oscarsfunnyworld,Oscar's Funny World,animals,US,198th,"Jun 13th, 2021",+56.6K,"+36,303,712",€247.8K - €4M,8th,45th,https://socialblade.com/youtube/channel/UCwmGHKwW6AE_NBQ3CNcO9-A,334th,12.7M,1.7M,688,763rd,9044029776,1.089B,€3M - €47.6M
@onceminutos,https://youtube.com/@onceminutos,Once Minutos,entertainment,US,577th,"Aug 1st, 2020",+24.3K,"+30,399,891",€207.5K - €3.3M,599th,65th,https://socialblade.com/youtube/channel/UC9M5ijp0Lxt8ptN6A7D5g9A,813th,5.66M,730K,1072,"2,643rd",4099588380,911.997M,€2.5M - €39.8M
@wwe,https://youtube.com/@wwe,WWE,sports,US,6th,"May 11th, 2007",--,"+26,875,138",€183.4K - €2.9M,1st,62nd,https://socialblade.com/youtube/channel/UCJ5v_MCY6GNUBTO8-D3XoAg,12th,101M,--,76200,9th,84460983757,806.254M,€2.2M - €35.2M
@craftspeople,https://youtube.com/@craftspeople,Crafts people,people,US,211th,"May 25th, 2021",+26.6K,"+35,688,569",€243.6K - €3.9M,124th,56th,https://socialblade.com/youtube/channel/UCvoh9uWVTzo8u3e5eX4lO5A,347th,11.1M,800K,9927,297th,15420620062,1.071B,€2.9M - €46.8M
@pinkfong,https://youtube.com/@pinkfong,Baby Shark - Pinkfong Kids’ Songs & Stories,education,US,7th,"Dec 14th, 2011",+20K,"+16,582,673",€113.2K - €1.8M,3rd,53rd,https://socialblade.com/youtube/channel/UCcdwLMPsaU2ezNSJU1nFoBQ,18th,80.7M,600K,3229,22nd,48681782151,497.48M,€1.4M - €21.7M
@familygamesmedia,https://youtube.com/@familygamesmedia,Family Games Media,people,US,242nd,"Jun 8th, 2023",+44.3K,"+28,978,226",€197.8K - €3.2M,149th,46th,https://socialblade.com/youtube/channel/UCLWvIB80ANqrEJhzYzfkgGA,388th,9.92M,1.33M,915,"1,998th",4941921987,869.347M,€2.4M - €38M
@ohnotvofficial,https://youtube.com/@ohnotvofficial,Ohno TV,N/A,US,"1,012th","Jun 8th, 2018",-330,"+2,165",€15 - €236,--,48th,https://socialblade.com/youtube/channel/UCY7eQbAAUiOxIiGqQAl61SQ,"1,256th",1.2M,-10K,821,"14,464th",1065606626,64.938K,€177 - €2.8K
@zachking,https://youtube.com/@zachking,Zach King,entertainment,US,52nd,"Oct 14th, 2013",+60K,"+40,601,248",€277.1K - €4.4M,62nd,32nd,https://socialblade.com/youtube/channel/UCq8DICunczvLuJJq414110A,151st,31.5M,1.8M,637,451st,12167201327,1.218B,€3.3M - €53.2M
@toysandcolors,https://youtube.com/@toysandcolors,Toys and Colors,entertainment,US,13th,"Mar 17th, 2016",+36.6K,"+51,267,379",€349.9K - €5.6M,10th,16th,https://socialblade.com/youtube/channel/UCgFXm4TI8htWmCyJ6cVPG_A,42nd,55.6M,1.1M,1225,12th,64251084815,1.538B,€4.2M - €67.2M
@mrdegreeofficial,https://youtube.com/@mrdegreeofficial,Mr DegrEE,people,US,66th,"Jan 31st, 2017",+40K,"+41,134,184",€280.7K - €4.5M,19th,40th,https://socialblade.com/youtube/channel/UCeYTfGpNCmVhlxjQxBDrGPA,177th,28.5M,1.2M,1664,113th,24771647872,1.234B,€3.4M - €53.9M
@alanchikinchow,https://youtube.com/@alanchikinchow,Alan Chikin Chow,comedy,US,24th,"Feb 3rd, 2020",+53.3K,"+38,503,619",€262.8K - €4.2M,2nd,29th,https://socialblade.com/youtube/channel/UC5gxP-2QqIh_09djvlm9Xcg,79th,43.1M,1.6M,1211,35th,38215635410,1.155B,€3.2M - €50.5M
@justinflom,https://youtube.com/@justinflom,Justin Flom,entertainment,US,112th,"Aug 25th, 2006",+36.6K,"+41,838,478",€285.5K - €4.6M,116th,20th,https://socialblade.com/youtube/channel/UCb9A6uotqUiuVCvVp4GMqOg,241st,21.7M,1.1M,912,173rd,19570366306,1.255B,€3.4M - €54.8M
@torung,https://youtube.com/@torung,ToRung,comedy,CA,159th,"Oct 18th, 2017",+100K,"+49,285,243",€336.4K - €5.4M,40th,26th,https://socialblade.com/youtube/channel/UCXbYlU08sOTBktOtjVsvR6w,294th,18.1M,3M,254,404th,13130437306,1.479B,€4M - €64.6M
@stokestwins,https://youtube.com/@stokestwins,Stokes Twins,people,US,19th,"Apr 11th, 2008",+306K,"+33,950,070",€231.7K - €3.7M,2nd,13th,https://socialblade.com/youtube/channel/UCbp9MyKCTEww4CxEzc_Tp0Q,57th,50.7M,9.2M,297,856th,8378808171,1.019B,€2.8M - €44.5M
@cocomelon,https://youtube.com/@cocomelon,Cocomelon - Nursery Rhymes,entertainment,US,2nd,"Sep 1st, 2006",+33.3K,--,€0 - €0,1st,12th,https://socialblade.com/youtube/channel/UCbCmjCuTUZos6Inko4u57UQ,4th,175M,1M,1170,2nd,181065509035,--,€0 - €0
@im_niick,https://youtube.com/@im_niick,Im Nick,N/A,AU,676th,"Dec 23rd, 2023",+3.53K,"+938,807",€6.4K - €102.5K,--,"18,715th",https://socialblade.com/youtube/channel/UC7Ih5zutG5D9GRzgY-_LiKw,"2,031st",327K,106K,37,"269,483rd",63110694,28.164M,€76.9K - €1.2M
@omtvreal,https://youtube.com/@omtvreal,Om TV,news,AU,163rd,"May 28th, 2014",+2K,"+888,995",€6.1K - €97.1K,401st,"18,934th",https://socialblade.com/youtube/channel/UCkp0Tc7ll67bChomTyB1ezQ,"1,202nd",1.7M,60K,10287,"9,170th",1549270467,26.67M,€72.8K - €1.2M
@rksaskr,https://youtube.com/@rksaskr,AskR,N/A,AU,"1,555th","Jun 5th, 2023",+184,"+671,415",€4.6K - €73.3K,--,"24,974th",https://socialblade.com/youtube/channel/UCPSED7BwPPrciBsFHo-yHAg,"4,079th",32.5K,5.5K,689,"174,687th",93706722,20.142M,€55K - €879.8K
@mrbeast,https://youtube.com/@mrbeast,MrBeast,entertainment,US,1st,"Feb 20th, 2012",+200K,"+66,275,582",€452.3K - €7.2M,1st,11th,https://socialblade.com/youtube/channel/UCX6OQ3DkcsbYNE6H8uQQuVA,2nd,259M,6M,794,23rd,49013743635,1.988B,€5.4M - €86.8M
@tianxincoming,https://youtube.com/@tianxincoming,TianXinComing,N/A,AU,392nd,"Mar 8th, 2015",+8K,"+5,931,528",€40.5K - €647.7K,--,"1,887th",https://socialblade.com/youtube/channel/UCZVSKDfIXHL6-st4YXGHwCg,"1,640th",701K,240K,450,"45,116th",412228475,177.946M,€485.8K - €7.8M
@himynameispriya,https://youtube.com/@himynameispriya,Priya and Sid,N/A,AU,47th,"May 27th, 2021",+18.3K,"+4,648,748",€31.7K - €507.6K,--,"1,926th",https://socialblade.com/youtube/channel/UCsbFefxpne9aYgoQ7baNnRg,843rd,5.41M,550K,443,"6,048th",2176507892,139.462M,€380.7K - €6.1M
@anchet,https://youtube.com/@anchet,Love FunGame,N/A,AU,909th,"Jan 2nd, 2023",+970,"+525,097",€3.6K - €57.3K,--,"23,629th",https://socialblade.com/youtube/channel/UCRoqfgoSSk261il58qCRZCw,"2,432nd",99.3K,29.1K,2710,"263,771st",57652618,15.753M,€43K - €688.1K
@thejacksonfield,https://youtube.com/@thejacksonfield,Jackson Field,entertainment,AU,165th,"Oct 2nd, 2012",+1.66K,"+884,283",€6K - €96.6K,985th,"22,656th",https://socialblade.com/youtube/channel/UCndV9QI4anHHUorIXGW3BIg,"1,208th",1.65M,50K,401,"23,048th",721098970,26.528M,€72.4K - €1.2M
@kiddokiddo1516,https://youtube.com/@kiddokiddo1516,Kiddo Kiddo,N/A,AU,"1,095th","Mar 1st, 2023",+1.71K,"+713,847",€4.9K - €78K,--,"22,682nd",https://socialblade.com/youtube/channel/UCcSSZs6WUf4dxEnS92GbZkg,"2,685th",83K,51.5K,301,"324,575th",46134495,21.415M,€58.5K - €935.4K
@baby_swim,https://youtube.com/@baby_swim,Baby Swim,sports,AU,413th,"Feb 8th, 2007",+1.43K,"+775,687",€5.3K - €84.7K,694th,"24,807th",https://socialblade.com/youtube/channel/UCz2BENAszzKr-m7AfS8fB1w,"1,680th",624K,43K,284,"51,575th",337739624,23.271M,€63.5K - €1M
@lucasivkovic,https://youtube.com/@lucasivkovic,Lucas Ivkovic,people,AU,215th,"Feb 24th, 2014",+667,"+742,923",€5.1K - €81.1K,844th,"24,004th",https://socialblade.com/youtube/channel/UCHqB_zfGKm7vXt1-VXvF10Q,"1,265th",1.12M,20K,659,"19,038th",852734789,22.288M,€60.8K - €973.5K
@chaznba,https://youtube.com/@chaznba,Chaz NBA,sports,AU,620th,"Oct 28th, 2017",+334,"+1,097,324",€7.5K - €119.8K,955th,"23,623rd",https://socialblade.com/youtube/channel/UChgDp_uE5PVqnpdV05xKOOA,"1,964th",358K,10K,1088,"57,238th",316087696,32.92M,€89.9K - €1.4M
@joeefowler,https://youtube.com/@joeefowler,Joe Fowler,N/A,AU,"1,650th","Apr 23rd, 2012",+834,"+857,402",€5.9K - €93.6K,--,"24,579th",https://socialblade.com/youtube/channel/UCjWMmxD1tm-6kmyRLQLK5EQ,"5,467th",25.3K,25K,54,"519,035th",26127574,25.722M,€70.2K - €1.1M
@sunnyv2,https://youtube.com/@sunnyv2,SunnyV2,entertainment,AU,66th,"Jan 22nd, 2019",+1.33K,"+846,479",€5.8K - €92.4K,755th,"22,510th",https://socialblade.com/youtube/channel/UCuF49lP5gkkw5L8HK3H6GJg,971st,3.94M,40K,224,"14,066th",1095887980,25.394M,€69.3K - €1.1M
@darrenlevy,https://youtube.com/@darrenlevy,DarrenLevyOfficial,people,AU,156th,"May 23rd, 2017",+334,"+651,955",€4.4K - €71.2K,774th,"24,249th",https://socialblade.com/youtube/channel/UCj7ADiT-RzESYpAd90OeEKA,"1,192nd",1.79M,10K,452,"22,631st",728747523,19.559M,€53.4K - €854.3K
@jordentually,https://youtube.com/@jordentually,Jorden Tually,travel,AU,123rd,"May 27th, 2012",+1K,"+729,905",€5K - €79.7K,75th,"24,848th",https://socialblade.com/youtube/channel/UC9hCQoT-VY7vVRaC62WJOJw,"1,137th",2.32M,30K,904,"8,891st",1583815313,21.897M,€59.8K - €956.5K
@mikaylah,https://youtube.com/@mikaylah,Mikaylah,entertainment,AU,160th,"Jul 12th, 2020",+1K,"+688,371",€4.7K - €75.2K,977th,"24,626th",https://socialblade.com/youtube/channel/UCUEhqlSd2qvU2_HFMV7nRnQ,"1,199th",1.72M,30K,242,"20,687th",787771098,20.651M,€56.4K - €902K
@effectivespaces,https://youtube.com/@effectivespaces,Effective Spaces,people,AU,212th,"Jan 6th, 2020",+2.33K,"+1,116,204",€7.6K - €121.9K,841st,"20,109th",https://socialblade.com/youtube/channel/UC-rrR8gz3j7h0QoLS6M1MYA,"1,262nd",1.16M,70K,107,"48,835th",360188226,33.486M,€91.4K - €1.5M
@sakshammagic,https://youtube.com/@sakshammagic,Saksham Magic,film,AU,41st,"Feb 8th, 2015",+334,"+845,627",€5.8K - €92.3K,212th,"20,098th",https://socialblade.com/youtube/channel/UCVxR8M2OeHf4BdKzzzpz83A,787th,5.75M,10K,2089,"1,433rd",5913885867,25.369M,€69.3K - €1.1M
@tonesandi,https://youtube.com/@tonesandi,Tones And I,music,AU,45th,"Nov 7th, 2017",--,"+1,010,048",€6.9K - €110.3K,468th,"18,676th",https://socialblade.com/youtube/channel/UCQeiBlCcS4-XGwFjrvDn96w,824th,5.39M,--,153,"3,784th",3025929402,30.301M,€82.7K - €1.3M
@kawaiikunicorn,https://youtube.com/@kawaiikunicorn,Kawaii Kunicorn,games,AU,96th,"Dec 12th, 2014",+1.33K,"+823,748",€5.6K - €90K,565th,"21,955th",https://socialblade.com/youtube/channel/UC58otONbfRjWcYjlJvHaYfw,"1,078th",2.9M,40K,679,"9,962nd",1453492902,24.712M,€67.5K - €1.1M
@gotye,https://youtube.com/@gotye,gotyemusic,music,AU,106th,"Dec 6th, 2007",+667,"+911,768",€6.2K - €99.6K,725th,"21,024th",https://socialblade.com/youtube/channel/UCFC9LamNMmLioW643VZ40OA,"1,103rd",2.65M,20K,54,"4,295th",2736856184,27.353M,€74.7K - €1.2M
@hebbars.kitchen,https://youtube.com/@hebbars.kitchen,Hebbars Kitchen,people,AU,27th,"Oct 10th, 2015",+1K,"+881,738",€6K - €96.3K,257th,"21,986th",https://socialblade.com/youtube/channel/UCPPIsrNlEkaFQBk-4uNkOaw,602nd,7.57M,30K,2615,"4,432nd",2681131436,26.452M,€72.2K - €1.2M
@muslimgacha2023,https://youtube.com/@muslimgacha2023,Muslim Gacha,N/A,AU,435th,"Jan 9th, 2021",+5.06K,"+1,097,977",€7.5K - €119.9K,--,"20,795th",https://socialblade.com/youtube/channel/UCUFls5KAtwdLnTrBm23xyIQ,"1,717th",635K,152K,370,"150,748th",118895007,32.939M,€89.9K - €1.4M
@deanlewis,https://youtube.com/@deanlewis,Dean Lewis,music,AU,140th,"Jan 7th, 2014",+667,"+421,535",€2.9K - €46K,789th,"22,417th",https://socialblade.com/youtube/channel/UCecgDbZRJ8GdmVgNCjuJu5g,"1,169th",2M,20K,360,"11,718th",1269996356,12.646M,€34.5K - €552.4K
@sheetmusicboss,https://youtube.com/@sheetmusicboss,Sheet Music Boss,music,AU,69th,"Feb 5th, 2017",+1K,"+837,223",€5.7K - €91.4K,611th,"22,125th",https://socialblade.com/youtube/channel/UCzTR9iSH-TFC4-ocDS_ll4A,988th,3.78M,30K,2808,"8,390th",1657171515,25.117M,€68.6K - €1.1M
N/A,,N/A,N/A,N/A,N/A,N/A,N/A,N/A,N/A,N/A,N/A,https://socialblade.com/youtube/search/search?query=ZZGimmeBackMyBullets75&error=not-found,N/A,N/A,N/A,N/A,N/A,N/A,N/A,N/A
@daenskitchen,https://youtube.com/@daenskitchen,Daen's Kitchen,N/A,AU,183rd,"Mar 26th, 2020",+1.33K,"+822,907",€5.6K - €89.9K,--,"18,667th",https://socialblade.com/youtube/channel/UCQFtOy_w3ySgm76zyBn3rlw,"1,229th",1.45M,40K,345,"21,419th",767348623,24.687M,€67.4K - €1.1M
@getdownwithseanandmarley,https://youtube.com/@getdownwithseanandmarley,Get Down with Sean and Marley,people,AU,389th,"Jan 15th, 2021",+3.86K,"+1,050,465",€7.2K - €114.7K,"1,199th","18,601st",https://socialblade.com/youtube/channel/UCy0-N2mQ144x4kKZHmoTF0Q,"1,631st",671K,116K,105,"144,140th",116115256,31.514M,€86K - €1.4M
@crackermilk,https://youtube.com/@crackermilk,CrackerMilk,education,AU,262nd,"Nov 18th, 2008",+967,"+1,040,679",€7.1K - €113.6K,722nd,"17,682nd",https://socialblade.com/youtube/channel/UCMn-zv1SE-2y6vyewscfFqw,"1,374th",917K,29K,924,"33,712th",513416575,31.22M,€85.2K - €1.4M
@dvbtvnews,https://youtube.com/@dvbtvnews,DVB TV News,news,AU,128th,"Jun 7th, 2010",+2K,"+1,045,327",€7.1K - €114.1K,351st,"15,444th",https://socialblade.com/youtube/channel/UCuaRmKJLYaVMDHrnjhWUcHw,"1,149th",2.2M,60K,94789,"14,771st",1053119965,31.36M,€85.6K - €1.4M
@themarshmallowco,https://youtube.com/@themarshmallowco,The Marshmallow Co.,N/A,AU,179th,"Mar 3rd, 2022",+1K,"+947,049",€6.5K - €103.4K,--,"18,419th",https://socialblade.com/youtube/channel/UC7HiPCtTwr1hu7qNPrqOYtQ,"1,225th",1.48M,30K,188,"20,889th",785780581,28.411M,€77.6K - €1.2M
@ethankellyucviet,https://youtube.com/@ethankellyucviet,Ethan Kelly ÚcViệt,entertainment,AU,349th,"Aug 7th, 2018",+1.83K,"+994,092",€6.8K - €108.6K,"1,319th","18,251st",https://socialblade.com/youtube/channel/UC9kzCQ0Pm2h6Ja-fXq5XYdw,"1,562nd",742K,55K,358,"98,933rd",177699140,29.823M,€81.4K - €1.3M
@jinymaeng,https://youtube.com/@jinymaeng,Jiny Maeng,N/A,AU,212th,"Jul 12th, 2020",+1K,"+979,567",€6.7K - €107K,--,"15,477th",https://socialblade.com/youtube/channel/UCwAY7nGTv_BApJYjdwi3VdA,"1,262nd",1.15M,30K,372,"36,837th",468163495,29.387M,€80.2K - €1.3M
@artspearentertainment,https://youtube.com/@artspearentertainment,ArtSpear Entertainment,comedy,AU,84th,"May 30th, 2010",+1.66K,"+1,096,474",€7.5K - €119.7K,397th,"16,748th",https://socialblade.com/youtube/channel/UCmv8PJ2JcIsHQ-2ivtziszQ,"1,043rd",3.24M,50K,313,"18,609th",871178842,32.894M,€89.8K - €1.4M
@jed_hockin,https://youtube.com/@jed_hockin,Jed Hockin,sports,AU,598th,"May 9th, 2014",+4.1K,"+1,065,191",€7.3K - €116.3K,932nd,"17,226th",https://socialblade.com/youtube/channel/UCJHfOaudd1NxxBfih-8WUmw,"1,939th",400K,123K,1477,"169,042nd",99057909,31.956M,€87.2K - €1.4M
@pwr,https://youtube.com/@pwr,PWR,games,AU,140th,"Apr 19th, 2020",+3.33K,"+1,177,539",€8K - €128.6K,654th,"16,925th",https://socialblade.com/youtube/channel/UCXrExb1m3VjR0m1_l9luxRQ,"1,169th",2.02M,100K,447,"32,092nd",537092549,35.326M,€96.4K - €1.5M
@sissiwang,https://youtube.com/@sissiwang,Sissi Wang,education,AU,181st,"Sep 8th, 2010",+1.33K,"+1,001,549",€6.8K - €109.4K,586th,"17,918th",https://socialblade.com/youtube/channel/UCyvnNj4RfGbBV-gmmDQVVrA,"1,227th",1.47M,40K,572,"18,466th",878906842,30.046M,€82K - €1.3M
@ellieeleanor,https://youtube.com/@ellieeleanor,Ellie Eleanor,N/A,AU,180th,"Nov 1st, 2019",+1K,"+827,405",€5.6K - €90.4K,--,"17,167th",https://socialblade.com/youtube/channel/UCMUt2JFjHW9a_Bdb3zzAHVA,"1,226th",1.47M,30K,2380,"24,751st",678144535,24.822M,€67.8K - €1.1M
@ckntoys,https://youtube.com/@ckntoys,CKN,entertainment,AU,5th,"Mar 28th, 2015",--,"+1,080,241",€7.4K - €118K,138th,"15,848th",https://socialblade.com/youtube/channel/UCfaZw8XH_zmAVkBst_MPD6w,268th,18.8M,--,492,402nd,12792514336,32.407M,€88.5K - €1.4M
@zobigadgets,https://youtube.com/@zobigadgets,Zobi Gadgets,N/A,AU,"1,441st","Jan 19th, 2024",+1.47K,"+1,061,386",€7.2K - €115.9K,--,"18,410th",https://socialblade.com/youtube/channel/UCD8-4Io8X66El503qiKXFRg,"3,442nd",44.5K,44.3K,118,"426,916th",31966249,31.842M,€86.9K - €1.4M
@tameimpala,https://youtube.com/@tameimpala,Tame Impala,music,AU,108th,"Feb 23rd, 2010",+667,"+1,185,325",€8.1K - €129.4K,731st,"15,482nd",https://socialblade.com/youtube/channel/UCdI8MAC5HoPJSJ4zrgDDI-Q,"1,109th",2.59M,20K,19,"7,710th",1775773469,35.56M,€97.1K - €1.6M
@stickylollies,https://youtube.com/@stickylollies,Sticky,entertainment,AU,61st,"Nov 25th, 2015",+667,"+1,143,608",€7.8K - €124.9K,717th,"13,965th",https://socialblade.com/youtube/channel/UCJ8_h7AZjj4tu5GZS_riF-Q,933rd,4.31M,20K,978,"2,663rd",3885533978,34.308M,€93.7K - €1.5M
@inspiredbyhoops,https://youtube.com/@inspiredbyhoops,Inspiredbyhoops,N/A,AU,587th,"Jul 6th, 2022",+567,"+1,408,264",€9.6K - €153.8K,--,"13,580th",https://socialblade.com/youtube/channel/UCNR93hKfKy493U3lw-djSug,"1,926th",395K,17K,1579,"21,382nd",770887075,42.248M,€115.3K - €1.8M
@neilv8350,https://youtube.com/@neilv8350,Neil V,N/A,AU,"1,081st","May 30th, 2017",+1.37K,"+1,507,117",€10.3K - €164.6K,--,"13,591st",https://socialblade.com/youtube/channel/UCHQehUQCJ2vdAY4aQSWRp-g,"2,664th",84K,41.3K,786,"260,366th",62326038,45.213M,€123.4K - €2M
@lyannakea,https://youtube.com/@lyannakea,Lyanna Kea,entertainment,AU,62nd,"Oct 30th, 2011",+1.66K,"+1,396,646",€9.5K - €152.5K,733rd,"14,162nd",https://socialblade.com/youtube/channel/UCKKf2Tvw0Xqz6RfzTI2dTpQ,949th,4.17M,50K,627,"6,580th",2019829975,41.899M,€114.4K - €1.8M
@serpentau,https://youtube.com/@serpentau,SerpentAU,games,AU,433rd,"Nov 14th, 2018",-33,+243,€2 - €26,"1,171st","15,152nd",https://socialblade.com/youtube/channel/UC6GapDfQRXzJfL_RDMMZ0Gg,"1,714th",589K,-1K,31,"376,449th",36190425,7.279K,€20 - €318
@zairayzabelle,https://youtube.com/@zairayzabelle,zaira yzabelle,people,AU,747th,"Sep 16th, 2016",+5.36K,"+1,579,522",€10.8K - €172.5K,"1,643rd","13,498th",https://socialblade.com/youtube/channel/UCTq1JPAF0EG-SP3tCopUktg,"2,114th",249K,161K,433,"234,829th",72135714,47.386M,€129.4K - €2.1M
@therybkatwins,https://youtube.com/@therybkatwins,The Rybka Twins,entertainment,AU,21st,"Jan 25th, 2012",+2K,"+1,247,735",€8.5K - €136.3K,347th,"12,013th",https://socialblade.com/youtube/channel/UC-TFz4MD1ZzcY6NuZAP3Ndw,530th,8.31M,60K,842,"8,403rd",1656943108,37.432M,€102.2K - €1.6M
@hillsongworship,https://youtube.com/@hillsongworship,Hillsong Worship,music,AU,15th,"Apr 26th, 2008",+1.33K,"+1,442,795",€9.8K - €157.6K,194th,"12,198th",https://socialblade.com/youtube/channel/UC4q12NoPNySbVqwpw4iO5Vg,409th,9.5M,40K,793,"2,241st",4356309350,43.284M,€118.2K - €1.9M
@stanhanrahan,https://youtube.com/@stanhanrahan,Stan Hanrahan,film,AU,196th,"Oct 2nd, 2013",+5K,"+1,377,657",€9.4K - €150.4K,597th,"12,352nd",https://socialblade.com/youtube/channel/UCRLnu3xm0jRi5zvOVc9GZOg,"1,244th",1.34M,150K,269,"37,517th",465651815,41.33M,€112.8K - €1.8M
@gambit_magica,https://youtube.com/@gambit_magica,????????,N/A,AU,866th,"Oct 13th, 2023",+3.5K,"+1,343,012",€9.2K - €146.7K,--,"13,294th",https://socialblade.com/youtube/channel/UCKzmq_hgqZwJnqovWWswfKQ,"2,308th",118K,105K,222,"344,785th",43580977,40.29M,€110K - €1.8M
@adammilardovicc,https://youtube.com/@adammilardovicc,Adam Milardovic,comedy,AU,184th,"Sep 15th, 2012",+2.33K,"+1,423,169",€9.7K - €155.4K,576th,"12,475th",https://socialblade.com/youtube/channel/UCSYYW2BF8nNtqQhIklYnE7g,"1,230th",1.44M,70K,899,"14,032nd",1101468589,42.695M,€116.6K - €1.9M
@7-elevenz,https://youtube.com/@7-elevenz,7-ElevenZ,N/A,AU,844th,"Jul 14th, 2023",+2.52K,"+1,353,832",€9.2K - €147.8K,--,"11,971st",https://socialblade.com/youtube/channel/UC5CMNWLupGXtuVGD00qEWPg,"2,247th",136K,75.8K,313,"256,762nd",61263411,40.615M,€110.9K - €1.8M
@astrokobi,https://youtube.com/@astrokobi,AstroKobi,N/A,AU,129th,"Jan 16th, 2022",+2K,"+1,195,679",€8.2K - €130.6K,--,"12,491st",https://socialblade.com/youtube/channel/UCdl3ece6ZfQwsiLbMnh2bCw,"1,150th",2.19M,60K,517,"15,593rd",1008129626,35.87M,€97.9K - €1.6M
@theblackmanfamilyofficial,https://youtube.com/@theblackmanfamilyofficial,The Blackman Family,people,AU,597th,"Apr 4th, 2020",+1.66K,"+1,346,501",€9.2K - €147K,"1,488th","13,417th",https://socialblade.com/youtube/channel/UCr3o3NPcZdz3XEWqlPz7Sqg,"1,938th",388K,50K,2626,"88,041st",200709495,40.395M,€110.3K - €1.8M
@cloutom,https://youtube.com/@cloutom,Cloutom,people,AU,170th,"Jun 6th, 2019",+2.33K,"+1,245,953",€8.5K - €136.1K,797th,"12,660th",https://socialblade.com/youtube/channel/UCWeqRSPFvAxebBj24PpDbaw,"1,215th",1.58M,70K,848,"13,725th",1118121569,37.379M,€102K - €1.6M
@gracesworld,https://youtube.com/@gracesworld,Grace's World,entertainment,AU,77th,"May 13th, 2012",+1.33K,"+1,258,247",€8.6K - €137.4K,797th,"13,562nd",https://socialblade.com/youtube/channel/UC03GdYOZbnLQAPDXmjc6W9g,"1,016th",3.52M,40K,534,"2,312th",4275107564,37.747M,€103.1K - €1.6M
@gdaydk,https://youtube.com/@gdaydk,David King,entertainment,AU,174th,"May 21st, 2015",+1K,"+1,702,032",€11.6K - €185.9K,996th,"10,484th",https://socialblade.com/youtube/channel/UCKFaMBPEhRgCE7EZisyRc-Q,"1,219th",1.54M,30K,412,"7,170th",1883147930,51.061M,€139.4K - €2.2M
@vinceyreads,https://youtube.com/@vinceyreads,Vincey,comedy,AU,770th,"May 2nd, 2019",+434,"+1,538,455",€10.5K - €168K,"1,401st","10,000th",https://socialblade.com/youtube/channel/UCQ62eviBm92rz20hE1IIIXQ,"2,142nd",208K,13K,3297,"52,901st",336102768,46.154M,€126K - €2M
@darkviperau,https://youtube.com/@darkviperau,DarkViperAU,games,AU,168th,"Oct 31st, 2012",+1K,"+1,653,115",€11.3K - €180.5K,694th,"11,016th",https://socialblade.com/youtube/channel/UCV6mNrW8CrmWtcxWfQXy11g,"1,212th",1.61M,30K,1366,"15,533rd",1017998113,49.593M,€135.4K - €2.2M
@fk.the.taxman,https://youtube.com/@fk.the.taxman,Fk The Taxman,N/A,AU,845th,"Jul 13th, 2021",+1.3K,"+1,033,116",€7.1K - €112.8K,--,"11,873rd",https://socialblade.com/youtube/channel/UCu6fDUxvF8wGnUZczOjcwqw,"2,249th",138K,39.2K,95,"174,308th",96798076,30.993M,€84.6K - €1.4M
@jamescondy,https://youtube.com/@jamescondy,James Condy,people,AU,20th,"May 18th, 2012",+2.33K,"+1,655,074",€11.3K - €180.7K,188th,"10,513th",https://socialblade.com/youtube/channel/UC7l8Wy10AB7VqkjRqjLp2iA,472nd,8.87M,70K,578,"4,690th",2577926600,49.652M,€135.6K - €2.2M
@plasticfreeboy,https://youtube.com/@plasticfreeboy,Plastic Free Boy,education,AU,"2,463rd","Sep 12th, 2009",--,"+1,621,617",€11.1K - €177.1K,"3,465th","10,589th",https://socialblade.com/youtube/channel/UCacFPLNtWdcDp_QD_5F6HZQ,"14,345th",4.49K,--,94,"296,666th",48678526,48.648M,€132.8K - €2.1M
@andy_cooks,https://youtube.com/@andy_cooks,Andy Cooks,N/A,AU,58th,"Jul 28th, 2008",+2.33K,"+1,531,803",€10.5K - €167.3K,--,"10,801st",https://socialblade.com/youtube/channel/UCqNkn5PNeSqbQTAR5RP-L-Q,905th,4.6M,70K,863,"5,666th",2251111825,45.954M,€125.5K - €2M
@conteyedits,https://youtube.com/@conteyedits,Contey Edits,N/A,AU,563rd,"Oct 6th, 2021",+3.1K,"+2,215,024",€15.1K - €241.9K,--,"9,625th",https://socialblade.com/youtube/channel/UCxp9BLpzFYMDcTd3trYh8MQ,"1,897th",440K,93K,233,"60,914th",305113253,66.451M,€181.4K - €2.9M
@ybsyoungbloods,https://youtube.com/@ybsyoungbloods,YBS Youngbloods,sports,AU,26th,"Jul 18th, 2010",+2.33K,"+1,644,832",€11.2K - €179.6K,46th,"9,869th",https://socialblade.com/youtube/channel/UCSnwORddxZG1SyB8lSxWQGg,601st,7.59M,70K,429,"5,237th",2400814475,49.345M,€134.7K - €2.2M
@lazarbeam,https://youtube.com/@lazarbeam,LazarBeam,games,AU,3rd,"Jan 4th, 2015",+3.33K,"+1,518,757",€10.4K - €165.8K,25th,"9,744th",https://socialblade.com/youtube/channel/UCw1SQ6QRRtfAhrN_cjkrOgA,237th,21.9M,100K,1343,675th,9386179598,45.563M,€124.4K - €2M
@samgreen,https://youtube.com/@samgreen,Sam Green,film,AU,71st,"Jun 2nd, 2011",+3.66K,"+1,451,520",€9.9K - €158.5K,359th,"6,640th",https://socialblade.com/youtube/channel/UCyRJT1Crn3uwKJ4VHHr0CBg,993rd,3.74M,110K,206,"13,714th",1116681186,43.546M,€118.9K - €1.9M
@themikmaks,https://youtube.com/@themikmaks,The Mik Maks,entertainment,AU,28th,"Oct 2nd, 2013",+2.33K,"+2,724,462",€18.6K - €297.5K,422nd,"5,092nd",https://socialblade.com/youtube/channel/UC66KzYUMWmN4PralND7cgAA,615th,7.45M,70K,444,"1,211th",6606055202,81.734M,€223.1K - €3.6M
@brideydrake,https://youtube.com/@brideydrake,Bridey Drake,N/A,AU,158th,"Aug 25th, 2013",+2.66K,"+2,569,242",€17.5K - €280.6K,--,"5,137th",https://socialblade.com/youtube/channel/UChrA9LSeVcLRQiMkcvdFhMQ,"1,196th",1.77M,80K,784,"17,327th",934333828,77.077M,€210.4K - €3.4M
@hijosh,https://youtube.com/@hijosh,Hi Josh,comedy,AU,738th,"Nov 21st, 2007",+6.56K,"+2,416,567",€16.5K - €263.9K,"1,369th","9,259th",https://socialblade.com/youtube/channel/UCiz4msakNG8meaCv4MNyiYg,"2,102nd",311K,197K,336,"169,522nd",124454999,72.497M,€197.9K - €3.2M
@kat_clark_,https://youtube.com/@kat_clark_,Kat Clark,N/A,AU,236th,"May 7th, 2014",+1.6K,"+1,641,630",€11.2K - €179.3K,--,"8,121st",https://socialblade.com/youtube/channel/UCFiIJEdXb4ZWeK8zYDIaqPQ,"1,299th",983K,48K,400,"26,455th",636137066,49.249M,€134.4K - €2.2M
@eystreemreacts,https://youtube.com/@eystreemreacts,EYstreemReacts,games,AU,210th,"Mar 24th, 2021",+4.66K,"+1,686,383",€11.5K - €184.2K,739th,"7,739th",https://socialblade.com/youtube/channel/UCcX0VwKvhbfzrPJtlugegBg,"1,260th",1.19M,140K,217,"75,994th",232278439,50.591M,€138.1K - €2.2M
@bundun,https://youtube.com/@bundun,Bundun,games,AU,217th,"Sep 20th, 2011",+2K,"+2,337,771",€16K - €255.3K,746th,"6,804th",https://socialblade.com/youtube/channel/UCtxbV-l2t708Y4tkGSn2IZg,"1,267th",1.11M,60K,422,"11,221st",1328323135,70.133M,€191.5K - €3.1M
@tingting-love168,https://youtube.com/@tingting-love168,Ting Ting,N/A,AU,569th,"Jun 9th, 2023",+1.9K,"+1,115,236",€7.6K - €121.8K,--,"6,573rd",https://socialblade.com/youtube/channel/UCAT17pso5bGO1uo4EV8iO6w,"1,906th",420K,57K,867,"88,184th",198820106,33.457M,€91.3K - €1.5M
@junpeizaki,https://youtube.com/@junpeizaki,Junpei Zaki,comedy,AU,70th,"Jan 31st, 2017",+3K,"+1,725,003",€11.8K - €188.4K,350th,"9,514th",https://socialblade.com/youtube/channel/UCoYu2szPa2OKg_1TCdQHpFg,990th,3.79M,90K,2018,"6,195th",2111211120,51.75M,€141.3K - €2.3M
@skynewsaustralia,https://youtube.com/@skynewsaustralia,Sky News Australia,news,AU,64th,"Jun 20th, 2007",+2K,"+3,064,814",€20.9K - €334.7K,207th,"4,911th",https://socialblade.com/youtube/channel/UCO0akufu9MOzyz3nvGIXAAw,958th,4.08M,60K,149714,"2,210th",4422875215,91.944M,€251K - €4M
@avneesha_delulu,https://youtube.com/@avneesha_delulu,avneesha_delulu,N/A,AU,577th,"Jan 21st, 2024",+13.9K,"+4,323,277",€29.5K - €472.1K,--,"3,428th",https://socialblade.com/youtube/channel/UCVKG2DdKpOPHh09u-8Ltl-w,"1,914th",479K,418K,86,"144,447th",148092372,129.698M,€354.1K - €5.7M
@loserfruit,https://youtube.com/@loserfruit,Loserfruit,games,AU,59th,"Mar 25th, 2013",+3.33K,"+2,842,767",€19.4K - €310.4K,406th,"4,461st",https://socialblade.com/youtube/channel/UCIOrUVVyfoWnmcwG6IwCULQ,913th,4.51M,100K,1355,"13,670th",1126875476,85.283M,€232.8K - €3.7M
@acdc,https://youtube.com/@acdc,AC/DC,music,AU,10th,"Oct 24th, 2005",+3.33K,"+3,196,608",€21.8K - €349.1K,172nd,"4,138th",https://socialblade.com/youtube/channel/UCB0JSO6d5ysH2Mmqz5I9rIw,351st,10.5M,100K,196,663rd,9569486342,95.898M,€261.8K - €4.2M
@smg4,https://youtube.com/@smg4,SMG4,entertainment,AU,24th,"Feb 14th, 2009",+4.66K,"+2,486,156",€17K - €271.5K,370th,"5,273rd",https://socialblade.com/youtube/channel/UC8LcA3grYZg0GNpxlXh8owg,556th,8.06M,140K,1014,"2,062nd",4634877279,74.585M,€203.6K - €3.3M
@thewiggles,https://youtube.com/@thewiggles,The Wiggles - Kids Songs and Nursery Rhymes,entertainment,AU,74th,"Apr 4th, 2007",+3K,"+3,151,564",€21.5K - €344.2K,788th,"4,519th",https://socialblade.com/youtube/channel/UC5vVe2R4ucoMzJP53o38Yaw,"1,007th",3.63M,90K,982,"2,177th",4499138679,94.547M,€258.1K - €4.1M
@tomharrisfootball,https://youtube.com/@tomharrisfootball,Tom Harris Football,people,AU,169th,"Jul 2nd, 2014",+4K,"+3,326,146",€22.7K - €363.2K,795th,"4,666th",https://socialblade.com/youtube/channel/UCIVGVpjywyPA3ZusfLAsvbA,"1,213th",1.61M,120K,1428,"13,052nd",1181581996,99.784M,€272.4K - €4.4M
@wogboyeats,https://youtube.com/@wogboyeats,Ron mushoul,people,AU,"1,223rd","Jun 11th, 2016",+1.23K,"+1,791,023",€12.2K - €195.6K,"2,171st","4,867th",https://socialblade.com/youtube/channel/UCjVPqIaIEUpDzEOvaA-IH6A,"2,854th",68.6K,36.9K,978,"181,019th",94077751,53.731M,€146.7K - €2.3M
@raythesharpener5260,https://youtube.com/@raythesharpener5260,Raythesharpener,N/A,AU,177th,"Jan 8th, 2021",+4.33K,"+2,690,726",€18.4K - €293.8K,--,"5,329th",https://socialblade.com/youtube/channel/UCobGE-G5kvdhj5Jst8fV4KQ,"1,222nd",1.53M,130K,2402,"17,406th",937408754,80.722M,€220.4K - €3.5M
@australianopen,https://youtube.com/@australianopen,Australian Open TV,sports,AU,142nd,"Dec 5th, 2007",+2K,"+2,858,547",€19.5K - €312.2K,279th,"5,406th",https://socialblade.com/youtube/channel/UCeTKJSW1NTAkf27nNmjWt5A,"1,174th",1.97M,60K,13513,"5,858th",2206840061,85.756M,€234.1K - €3.7M
@norrisnuts,https://youtube.com/@norrisnuts,The Norris Nuts,people,AU,29th,"Jun 29th, 2014",+1.66K,"+2,636,405",€18K - €287.9K,266th,"5,652nd",https://socialblade.com/youtube/channel/UCYd0us2OtW4d4-1cfpT2ktw,617th,7.43M,50K,694,"2,455th",4111469363,79.092M,€215.9K - €3.5M
@sam.fricker,https://youtube.com/@sam.fricker,Sam Fricker,entertainment,AU,53rd,"Aug 16th, 2014",+11.6K,"+5,717,885",€39K - €624.4K,671st,"2,219th",https://socialblade.com/youtube/channel/UC7Lzxasu-1yxVks_pr1p10g,885th,4.84M,350K,5742,"2,636th",3947105690,171.537M,€468.3K - €7.5M
@glitch,https://youtube.com/@glitch,GLITCH,film,AU,12th,"Jan 13th, 2018",+48.6K,"+5,276,547",€36K - €576.2K,71st,"2,355th",https://socialblade.com/youtube/channel/UCn_FAXem2-e3HQvmK-mOH4g,364th,10.1M,1.46M,86,"17,299th",945140831,158.296M,€432.1K - €6.9M
@blooporoblox,https://youtube.com/@blooporoblox,Bloopo,games,AU,149th,"Jun 13th, 2023",+7K,"+4,604,609",€31.4K - €502.8K,667th,"2,790th",https://socialblade.com/youtube/channel/UCFsRGPLEsvvC4rIYyO4TUWg,"1,184th",1.92M,210K,315,"18,380th",908602923,138.138M,€377.1K - €6M
@eystreem,https://youtube.com/@eystreem,EYstreem,games,AU,14th,"Mar 16th, 2012",+8.33K,"+3,933,978",€26.8K - €429.6K,103rd,"2,963rd",https://socialblade.com/youtube/channel/UC-g_O9HWb5B0rVDG1hLd5Hw,389th,9.72M,250K,1843,"3,055th",3532045543,118.019M,€322.2K - €5.2M
@vinrl,https://youtube.com/@vinrl,Vin,comedy,AU,89th,"Oct 15th, 2015",+6.33K,"+5,120,818",€34.9K - €559.2K,417th,"1,813th",https://socialblade.com/youtube/channel/UCk8-8rY4q0cV1sOuSbVC_hg,"1,063rd",3.09M,190K,458,"7,027th",1935819557,153.625M,€419.4K - €6.7M
@bouncepatrol,https://youtube.com/@bouncepatrol,Bounce Patrol - Kids Songs,music,AU,1st,"Jan 1st, 2013",+3.33K,"+6,143,273",€41.9K - €670.8K,60th,"1,761st",https://socialblade.com/youtube/channel/UC56cowXhoqRWHeqfSJkIQaA,169th,29.1M,100K,370,136th,22382568308,184.298M,€503.1K - €8.1M
@vindooly,https://youtube.com/@vindooly,Vindooly,games,AU,73rd,"Nov 11th, 2009",+6.33K,"+5,130,067",€35K - €560.2K,492nd,"1,566th",https://socialblade.com/youtube/channel/UCj4hfQEWcGtF08SLEZCZc5Q,"1,005th",3.67M,190K,630,"6,071st",2162834207,153.902M,€420.2K - €6.7M
@howridiculous,https://youtube.com/@howridiculous,How Ridiculous,sports,AU,4th,"Sep 9th, 2009",+6.66K,"+6,497,428",€44.3K - €709.5K,7th,"1,177th",https://socialblade.com/youtube/channel/UC5f5IV0Bf79YLp_p9nfInRA,243rd,21.4M,200K,715,431st,12226611773,194.923M,€532.1K - €8.5M
@adifishman,https://youtube.com/@adifishman,Adi,entertainment,US,369th,"May 20th, 2018",+8.33K,"+11,954,201",€81.6K - €1.3M,394th,360th,https://socialblade.com/youtube/channel/UCTlo9YEeqD-4jDR7v1w3otw,582nd,7.8M,250K,795,"1,108th",6966897781,358.626M,€979K - €15.7M
@jiembasands,https://youtube.com/@jiembasands,Jiemba Sands,people,AU,13th,"Apr 19th, 2012",+12.3K,"+8,580,579",€58.6K - €937K,137th,"1,067th",https://socialblade.com/youtube/channel/UCDb8-E9XyZnyAA7QB_SD8Sg,365th,10M,370K,572,"1,562nd",5662717481,257.417M,€702.7K - €11.2M
@jasminandjames,https://youtube.com/@jasminandjames,Jasmin and James,entertainment,AU,133rd,"Sep 12th, 2021",+40K,"+17,116,870",€116.8K - €1.9M,--,352nd,https://socialblade.com/youtube/channel/UC5OVPGQqCUm0CCyVzELGITQ,"1,155th",2.48M,1.2M,2570,"15,960th",1175498087,513.506M,€1.4M - €22.4M
@littlebabybum,https://youtube.com/@littlebabybum,Little Baby Bum - Nursery Rhymes & Kids Songs,education,US,27th,"Jun 22nd, 2011",--,"+13,401,433",€91.5K - €1.5M,9th,347th,https://socialblade.com/youtube/channel/UCKAqou7V9FAWXpZd9xtOg3Q,89th,41M,--,2673,28th,40511633246,402.043M,€1.1M - €17.6M
@maxdesignpro,https://youtube.com/@maxdesignpro,Max Design Pro - Creative Animation Channel,entertainment,US,306th,"May 8th, 2020",+58.6K,"+10,304,156",€70.3K - €1.1M,314th,355th,https://socialblade.com/youtube/channel/UCgw7OkG1uGCTXbZN6cCjfOQ,488th,8.84M,1.76M,341,"3,739th",3088045374,309.125M,€843.9K - €13.5M
@nickandcarrie,https://youtube.com/@nickandcarrie,NickandCarrie,people,AU,23rd,"Jul 2nd, 2019",+10K,"+14,995,878",€102.3K - €1.6M,229th,214th,https://socialblade.com/youtube/channel/UCR1Jltq7vMzGQVtRd-DR5AA,547th,8.17M,300K,1067,850th,8260789746,449.876M,€1.2M - €19.7M
@sonymusicindiavevo,https://youtube.com/@sonymusicindiavevo,SonyMusicIndiaVEVO,music,US,17th,"Sep 2nd, 2009",+13.3K,"+12,318,657",€84.1K - €1.3M,21st,386th,https://socialblade.com/youtube/channel/UC3MLnJtqc_phABBriLRhtgQ,51st,50.2M,400K,3741,56th,30757050588,369.56M,€1M - €16.1M
@alibabaitems,https://youtube.com/@alibabaitems,Alibaba Items,N/A,US,604th,"Nov 1st, 2022",+12.3K,"+12,383,061",€84.5K - €1.4M,--,366th,https://socialblade.com/youtube/channel/UCMyk83jjKbpp-fAa8x8cZ2w,841st,5.3M,370K,992,"1,401st",6062299211,371.492M,€1M - €16.2M
@bigschoolminecraft,https://youtube.com/@bigschoolminecraft,BigSchool,film,US,87th,"Aug 13th, 2019",+26.6K,"+12,051,899",€82.3K - €1.3M,22nd,394th,https://socialblade.com/youtube/channel/UC-Diq5SjWZDol8C0_E_1Y7A,209th,24.9M,800K,3444,533rd,11033845179,361.557M,€987.1K - €15.8M
@howtoanimating,https://youtube.com/@howtoanimating,HowToAnimating,N/A,US,"1,088th","Sep 23rd, 2017",+17.8K,"+10,435,656",€71.2K - €1.1M,--,403rd,https://socialblade.com/youtube/channel/UC4i3GLAG0G9IH-VT9GxOmrQ,"1,336th",1.03M,534K,1723,"35,534th",528982452,313.07M,€854.7K - €13.7M
@themccartyfam,https://youtube.com/@themccartyfam,The McCartys,entertainment,US,203rd,"Jul 8th, 2013",+13.3K,"+12,663,709",€86.4K - €1.4M,206th,385th,https://socialblade.com/youtube/channel/UCJQsW7LeVEIDCEJU47NmXBA,339th,11.8M,400K,2586,250th,16448149396,379.911M,€1M - €16.6M
@mihdens,https://youtube.com/@mihdens,Mihdens,film,US,209th,"Aug 29th, 2021",+6.66K,"+10,959,096",€74.8K - €1.2M,62nd,383rd,https://socialblade.com/youtube/channel/UCZm-kThz415-1HG9LUP0HQg,345th,11.1M,200K,1015,475th,11651130166,328.773M,€897.5K - €14.4M
@lucksmiths888,https://youtube.com/@lucksmiths888,LuckSmiths,games,US,"1,023rd","May 2nd, 2018",--,"+13,743,450",€93.8K - €1.5M,747th,332nd,https://socialblade.com/youtube/channel/UCdyZqFCAIVxPK4MyLiYRygw,"1,268th",1.09M,--,737,"41,756th",412304323,412.303M,€1.1M - €18M
@astroscopeapp,https://youtube.com/@astroscopeapp,Astroscope: Astrology & Horoscope app,people,US,"1,726th","May 11th, 2020",-66,"+13,535,859",€92.4K - €1.5M,"1,538th",344th,https://socialblade.com/youtube/channel/UCjNwpJPsendtLqZR3hiDPCw,"1,995th",330K,-2K,2455,"42,220th",408265385,406.076M,€1.1M - €17.7M
@dafuqboom,https://youtube.com/@dafuqboom,DaFuq!?Boom!,entertainment,US,25th,"Jun 6th, 2016",+26.6K,"+12,581,005",€85.9K - €1.4M,30th,337th,https://socialblade.com/youtube/channel/UCsSsgPaZ2GSmO6il8Cb5iGA,86th,41.5M,800K,291,253rd,16352503094,377.43M,€1M - €16.5M
@djenmin,https://youtube.com/@djenmin,Djenmin,N/A,US,597th,"Oct 10th, 2023",+27.3K,"+16,250,516",€110.9K - €1.8M,--,338th,https://socialblade.com/youtube/channel/UCHRMOsvrgP98N0AZz1qsYaA,833rd,5.53M,820K,161,"4,151st",2962640919,487.515M,€1.3M - €21.3M
@funfuntv96,https://youtube.com/@funfuntv96,Fun Fun TV,people,US,880th,"Nov 11th, 2020",+16.6K,"+12,649,408",€86.3K - €1.4M,703rd,323rd,https://socialblade.com/youtube/channel/UCPrYW-fTzqA0lW4dnRe3OnA,"1,119th",2.59M,500K,191,"21,050th",843196933,379.482M,€1M - €16.6M
@asmrlinastarofficial,https://youtube.com/@asmrlinastarofficial,AsmrLinastar,N/A,US,270th,"Aug 13th, 2022",+25.3K,"+13,429,201",€91.7K - €1.5M,--,301st,https://socialblade.com/youtube/channel/UCx4XhF4f6bNjeD4PrzRkQnQ,425th,9.46M,760K,273,"2,130th",4589426203,402.876M,€1.1M - €17.6M
@thelandofboggs,https://youtube.com/@thelandofboggs,The Land Of Boggs,people,US,511th,"Apr 15th, 2021",+14.6K,"+16,040,425",€109.5K - €1.8M,359th,303rd,https://socialblade.com/youtube/channel/UCz5osAvTYFKjb6Kjcep6vXA,744th,6.25M,440K,455,"1,294th",6439253946,481.213M,€1.3M - €21M
@sportsnation,https://youtube.com/@sportsnation,SportsNation,sports,US,158th,"Jun 28th, 2009",+10K,"+14,267,619",€97.4K - €1.6M,12th,314th,https://socialblade.com/youtube/channel/UCQZi2YXSxc6BSK4mZHql8ag,293rd,16.3M,300K,4988,159th,20659698995,428.029M,€1.2M - €18.7M
N/A,,Boo's Family,N/A,US,935th,"Mar 20th, 2011",+64.3K,"+14,033,806",€95.8K - €1.5M,--,317th,https://socialblade.com/youtube/channel/UCE-n8op4o9165chJz05XPvA,"1,176th",1.94M,1.93M,0,"40,756th",422277432,421.014M,€1.1M - €18.4M
@demarikiofficial,https://youtube.com/@demarikiofficial,Demariki,comedy,US,247th,"Sep 30th, 2021",+14.3K,"+14,009,116",€95.6K - €1.5M,90th,269th,https://socialblade.com/youtube/channel/UCPwtBv1vrGio8Z_pv2w5X7A,394th,9.72M,430K,2902,583rd,10355873456,420.273M,€1.1M - €18.4M
@im_siowei,https://youtube.com/@im_siowei,im_siowei,people,US,348th,"Oct 7th, 2022",+12.3K,"+14,665,227",€100.1K - €1.6M,233rd,285th,https://socialblade.com/youtube/channel/UCSgue5Dm418CCUCZ-aeUtEA,554th,8.15M,370K,683,874th,8179900755,439.957M,€1.2M - €19.2M
@unzip_animation,https://youtube.com/@unzip_animation,Unzip_Animation,N/A,US,813th,"Jun 15th, 2021",+25.3K,"+14,876,058",€101.5K - €1.6M,--,265th,https://socialblade.com/youtube/channel/UCwEke65o13Le7cKHfRwUlsw,"1,052nd",3.3M,760K,169,"7,680th",1859644755,446.282M,€1.2M - €19.5M
@nadirshou,https://youtube.com/@nadirshou,Nadir Show,entertainment,US,621st,"Jun 18th, 2022",+9K,"+13,467,970",€91.9K - €1.5M,644th,274th,https://socialblade.com/youtube/channel/UCkt0e5pB5Zq15S-TX_GWsqQ,858th,5.11M,270K,686,"1,344th",6244459935,404.039M,€1.1M - €17.6M
@a-paradise,https://youtube.com/@a-paradise,A-Paradise,N/A,US,599th,"Feb 19th, 2023",+24.6K,"+13,888,484",€94.8K - €1.5M,--,253rd,https://socialblade.com/youtube/channel/UC1MBQc0MKqabYpfkCw7EYEQ,836th,5.37M,740K,3046,"4,175th",2854722687,416.655M,€1.1M - €18.2M
@leonatafamily,https://youtube.com/@leonatafamily,LeoNata Family,people,US,39th,"Sep 28th, 2021",+16.6K,"+14,437,769",€98.5K - €1.6M,9th,254th,https://socialblade.com/youtube/channel/UCMsPm8-25ygqRrRe9_s1WFw,126th,34.9M,500K,3257,38th,37345133648,433.133M,€1.2M - €18.9M
@andresvernazza,https://youtube.com/@andresvernazza,Andres Vernazza - Emprendedor Moderno,education,US,"1,042nd","Dec 21st, 2015",-33,"+14,540,716",€99.2K - €1.6M,643rd,296th,https://socialblade.com/youtube/channel/UC_XwpRcQRTR9keLIjDeTvlg,"1,289th",989K,-1K,6893,"39,373rd",436836901,436.221M,€1.2M - €19.1M
@cxlebb,https://youtube.com/@cxlebb,CXLEB,entertainment,US,985th,"Jun 14th, 2013",+2.33K,"+6,586,754",€45K - €719.3K,"1,003rd",288th,https://socialblade.com/youtube/channel/UCCHodVjh378eTjqlZ_bkTbQ,"1,227th",1.47M,70K,266,"7,255th",1895794277,197.603M,€539.5K - €8.6M
@yoeslan,https://youtube.com/@yoeslan,Yoeslan,entertainment,US,63rd,"Sep 26th, 2020",+20K,"+14,370,679",€98.1K - €1.6M,72nd,309th,https://socialblade.com/youtube/channel/UCVtD5iA4rUuOK5cQrB_o4ow,171st,28.9M,600K,968,94th,26010829014,431.12M,€1.2M - €18.8M
@stellapower,https://youtube.com/@stellapower,Stella Power,N/A,US,"1,039th","Aug 24th, 2023",+35K,"+15,755,709",€107.5K - €1.7M,--,289th,https://socialblade.com/youtube/channel/UC1A-LALuiDB3JXedLtHbDBQ,"1,286th",1.06M,1.05M,1229,"38,889th",472671257,472.671M,€1.3M - €20.6M
@unal-cleanupmaster,https://youtube.com/@unal-cleanupmaster,una L,people,US,269th,"Mar 29th, 2023",+28.6K,"+11,849,015",€80.9K - €1.3M,165th,294th,https://socialblade.com/youtube/channel/UC-hc1kkmRtm46cGU0nnis3Q,423rd,9.5M,860K,934,"1,839th",5117839467,355.47M,€970.4K - €15.5M
@saucytv,https://youtube.com/@saucytv,SaucyTV,N/A,US,897th,"Apr 23rd, 2021",+9K,"+12,891,990",€88K - €1.4M,--,308th,https://socialblade.com/youtube/channel/UCmDcSLZlJEEzGqqh_JDsYXA,"1,136th",2.37M,270K,859,"4,937th",2543808077,386.76M,€1.1M - €16.9M
@coolsmartgadget,https://youtube.com/@coolsmartgadget,Cool Smart Gadget,N/A,US,"1,088th","Nov 18th, 2022",+30.5K,"+17,817,611",€121.6K - €1.9M,--,239th,https://socialblade.com/youtube/channel/UCREnkDGyHhKaOHEOKIr3a6w,"1,336th",1.1M,917K,220,"29,608th",662347065,534.528M,€1.5M - €23.3M
@rudolfio78,https://youtube.com/@rudolfio78,Rudolfio,entertainment,US,466th,"Jun 13th, 2021",+16K,"+14,401,403",€98.3K - €1.6M,491st,240th,https://socialblade.com/youtube/channel/UCUMPlgTI685TukAJrDESb-w,695th,6.73M,480K,6018,"1,418th",6015401083,432.042M,€1.2M - €18.9M
N/A,,DARAROTH,entertainment,US,"4,662nd","Oct 15th, 2020",--,"+15,086,936",€103K - €1.6M,"4,064th",241st,https://socialblade.com/youtube/channel/UCFgoO2DP8m7eXa3rBnXdhxQ,"11,026th",9.96K,--,4971,"18,122nd",885795739,452.608M,€1.2M - €19.8M
@movieshouse_k,https://youtube.com/@movieshouse_k,Movies House?,entertainment,US,983rd,"Sep 16th, 2006",+8K,"+13,592,737",€92.8K - €1.5M,"1,001st",248th,https://socialblade.com/youtube/channel/UCOfVojMgHKBCelTHBTRgCfw,"1,225th",1.52M,240K,358,"6,560th",2064338760,407.782M,€1.1M - €17.8M
@bonbonmedia9360,https://youtube.com/@bonbonmedia9360,Bon Bon Media,people,US,149th,"Jul 14th, 2021",+23.3K,"+16,049,997",€109.5K - €1.8M,67th,250th,https://socialblade.com/youtube/channel/UCnbbGVLEKgBnwGxHro0eD1w,284th,17.4M,700K,1969,504th,11363535751,481.5M,€1.3M - €21M
@genevievesplayhouse,https://youtube.com/@genevievesplayhouse,Genevieve's Playhouse - Learning Videos for …,film,US,28th,"Jan 6th, 2016",+16.6K,"+15,736,949",€107.4K - €1.7M,6th,232nd,https://socialblade.com/youtube/channel/UCK5Q72Uyo73uRPk8PmM2A3w,94th,40.5M,500K,637,58th,30401605547,472.108M,€1.3M - €20.6M
@houseofhighlights,https://youtube.com/@houseofhighlights,House of Highlights,sports,US,186th,"Jan 23rd, 2018",+13.3K,"+17,441,179",€119K - €1.9M,16th,229th,https://socialblade.com/youtube/channel/UCqQo7ewe87aYAe7ub5UqXMw,322nd,13.5M,400K,44386,241st,16764224368,523.235M,€1.4M - €22.9M
@dbillions,https://youtube.com/@dbillions,D Billions,entertainment,US,59th,"Jul 27th, 2019",+10K,"+17,965,864",€122.6K - €2M,67th,195th,https://socialblade.com/youtube/channel/UCi3onjs7UU2Z64i3RrVci-Q,162nd,30M,300K,1032,31st,38465873506,538.976M,€1.5M - €23.5M
@nicothepomeranian,https://youtube.com/@nicothepomeranian,Nico_thepomeranian,N/A,US,204th,"Jun 7th, 2022",+30K,"+19,657,800",€134.2K - €2.1M,--,161st,https://socialblade.com/youtube/channel/UCctDQlR34dhq8p3vSKfh8dg,340th,11.8M,900K,442,638th,9837627885,589.734M,€1.6M - €25.8M
@omarespn,https://youtube.com/@omarespn,Omar Raja - ESPN,sports,US,191st,"Feb 26th, 2007",+10K,"+19,965,440",€136.3K - €2.2M,19th,164th,https://socialblade.com/youtube/channel/UCx18ywTcohtS9lpNXt8noWQ,327th,12.9M,300K,3017,152nd,21298372295,598.963M,€1.6M - €26.2M
@cool_items,https://youtube.com/@cool_items,Cool Items,N/A,US,836th,"Nov 23rd, 2022",+20K,"+17,971,745",€122.7K - €2M,--,174th,https://socialblade.com/youtube/channel/UCzE5p2i2GwG2WJ8cZANC6pg,"1,075th",3.02M,600K,997,"4,423rd",2767449150,539.152M,€1.5M - €23.6M
N/A,,Animal World,games,US,871st,"Jun 30th, 2019",+65.6K,"+18,873,776",€128.8K - €2.1M,597th,150th,https://socialblade.com/youtube/channel/UCWdyQhIoP-EoJxz3WZrB7Wg,"1,110th",2.57M,1.97M,318,"22,797th",721166331,566.213M,€1.5M - €24.7M
@game9bit,https://youtube.com/@game9bit,Game9bit,games,US,193rd,"Jun 6th, 2023",+53.3K,"+16,088,487",€109.8K - €1.8M,70th,198th,https://socialblade.com/youtube/channel/UCL0X8jPuUk7u11YmmWg8f_Q,329th,13M,1.6M,2603,"2,541st",4119678391,482.655M,€1.3M - €21.1M
@thatlittlepuff,https://youtube.com/@thatlittlepuff,That Little Puff,animals,US,53rd,"Aug 29th, 2020",+20K,"+19,399,236",€132.4K - €2.1M,1st,176th,https://socialblade.com/youtube/channel/UClFN9LShD_Pv0wnSeUKbUZw,152nd,31.2M,600K,914,92nd,26075579889,581.977M,€1.6M - €25.4M
@a4a4a4a4,https://youtube.com/@a4a4a4a4,A4,entertainment,US,15th,"Nov 29th, 2014",+30K,"+17,800,841",€121.5K - €1.9M,11th,182nd,https://socialblade.com/youtube/channel/UC2tsySbe9TNrI-xh2lximHA,46th,54.2M,900K,907,73rd,28334416558,534.025M,€1.5M - €23.3M
@brookemonk,https://youtube.com/@brookemonk,Brooke Monk,people,US,509th,"Jul 29th, 2019",+15.3K,"+18,407,551",€125.6K - €2M,357th,228th,https://socialblade.com/youtube/channel/UC73sF-7Ihcs1HpnXEEXZ2ew,741st,6.3M,460K,1683,"1,695th",5413459486,552.227M,€1.5M - €24.1M
@anhcucai,https://youtube.com/@anhcucai,Anh Củ Cải,entertainment,US,173rd,"Mar 22nd, 2020",+23.3K,"+19,406,403",€132.4K - €2.1M,176th,212th,https://socialblade.com/youtube/channel/UCl0sZ8DxC35w46AaEpQRTxg,309th,15M,700K,2627,608th,10079162671,582.192M,€1.6M - €25.4M
@theh3ro,https://youtube.com/@theh3ro,The H3ro,N/A,US,"1,429th","Mar 9th, 2022",-33,"+17,621,485",€120.3K - €1.9M,--,205th,https://socialblade.com/youtube/channel/UCOOIAv87GGLWNn6Zl_Rettg,"1,686th",614K,-1K,724,"31,718th",533577858,528.645M,€1.4M - €23.1M
@serieshouse_k,https://youtube.com/@serieshouse_k,Series House,N/A,US,"1,035th","Jun 25th, 2006",+10.8K,"+16,217,586",€110.7K - €1.8M,--,213th,https://socialblade.com/youtube/channel/UCvwpXJEm2AG3Ymw8KV5cytw,"1,282nd",1.07M,324K,214,"12,470th",1333151108,486.528M,€1.3M - €21.3M
@annakovaofficial,https://youtube.com/@annakovaofficial,ANNA KOVA,people,US,115th,"Feb 3rd, 2020",+26.6K,"+21,497,771",€146.7K - €2.3M,42nd,219th,https://socialblade.com/youtube/channel/UCb06IKdt8yeJDhqUct0z-gQ,245th,21.3M,800K,3839,164th,20355054464,644.933M,€1.8M - €28.2M
@bebefinn,https://youtube.com/@bebefinn,Bebefinn - Nursery Rhymes & Kids Songs,entertainment,US,136th,"Mar 30th, 2022",+30K,"+13,302,662",€90.8K - €1.5M,138th,216th,https://socialblade.com/youtube/channel/UC-cY4X2sLECUhishGNiyofQ,268th,19.1M,900K,511,721st,9127990266,399.08M,€1.1M - €17.4M
@fabiosabestlifehacks,https://youtube.com/@fabiosabestlifehacks,Fabiosa Best Lifehacks,howto,US,200th,"Oct 14th, 2019",+36.6K,"+17,224,465",€117.6K - €1.9M,37th,180th,https://socialblade.com/youtube/channel/UCF5Rp2ghzXsX6vwYqa7aepg,336th,12.2M,1.1M,1418,987th,7516408626,516.734M,€1.4M - €22.6M
@minikatanastore,https://youtube.com/@minikatanastore,Mini Katana,N/A,US,210th,"May 12th, 2021",+40K,"+21,286,661",€145.3K - €2.3M,--,147th,https://socialblade.com/youtube/channel/UCy_WCbqwp5ZZ4zNwAyMChiA,346th,11.3M,1.2M,1759,"1,254th",6614616401,638.6M,€1.7M - €27.9M
@jojosim,https://youtube.com/@jojosim,Jojo Sim,entertainment,US,190th,"Jan 28th, 2013",+20K,"+19,078,230",€130.2K - €2.1M,193rd,148th,https://socialblade.com/youtube/channel/UChK6a3Ro3po3fUfAm3_MyUQ,326th,13.1M,600K,2217,266th,16154807748,572.347M,€1.6M - €25M
@yana.chirkina,https://youtube.com/@yana.chirkina,YANA CHIRKINA,howto,US,190th,"Jul 24th, 2018",+36.6K,"+24,481,046",€167.1K - €2.7M,31st,136th,https://socialblade.com/youtube/channel/UCC1RmztYmOIuTGiw_G73fLg,326th,13.3M,1.1M,1988,704th,9430448163,734.431M,€2M - €32.1M
@amwayhomegoodies,https://youtube.com/@amwayhomegoodies,Amway Home Goodies,N/A,US,"1,005th","Oct 22nd, 2017",+26K,"+23,598,716",€161.1K - €2.6M,--,128th,https://socialblade.com/youtube/channel/UCi-vnafh8GB-OhXC9z7kqAA,"1,249th",1.49M,781K,232,"13,779th",1287782859,707.961M,€1.9M - €30.9M
@cinemahome.,https://youtube.com/@cinemahome.,Cinema Home,N/A,US,"1,000th","Apr 13th, 2022",+8.33K,"+19,556,697",€133.5K - €2.1M,--,125th,https://socialblade.com/youtube/channel/UCvLZSZGK88zLOe8R2sO5KKA,"1,243rd",1.36M,250K,870,"5,587th",2354551150,586.701M,€1.6M - €25.6M
@4nonblondesofficial,https://youtube.com/@4nonblondesofficial,4 Non Blondes,N/A,US,960th,"Feb 2nd, 2023",+334,"+666,267",€4.5K - €72.8K,--,7th,https://socialblade.com/youtube/channel/UCCgMsiNiRDhisYQk7t3MNqw,"1,201st",1.7M,10K,2,"6,619th",2014136079,19.988M,€54.6K - €873.1K
@bonku.movies,https://youtube.com/@bonku.movies,Bonku,film,US,451st,"Dec 30th, 2019",+9K,"+23,229,007",€158.5K - €2.5M,164th,119th,https://socialblade.com/youtube/channel/UCqVh-bqh0u3j8Zvb4_j9FUA,680th,6.8M,270K,679,"1,132nd",6821850348,696.87M,€1.9M - €30.4M
@albert_cancook,https://youtube.com/@albert_cancook,albert_cancook,howto,US,132nd,"Nov 23rd, 2020",+23.3K,"+18,433,734",€125.8K - €2M,11th,123rd,https://socialblade.com/youtube/channel/UC0NkSnlCOhoODbykzZwpiDw,264th,19.4M,700K,699,345th,13966176866,553.012M,€1.5M - €24.2M
@themanniishow,https://youtube.com/@themanniishow,The Mannii Show,comedy,US,208th,"Dec 16th, 2020",+16.6K,"+20,825,689",€142.1K - €2.3M,72nd,132nd,https://socialblade.com/youtube/channel/UC3iwxKMRg5l2aDG_8XK2nSQ,344th,11.3M,500K,3141,527th,11091451667,624.771M,€1.7M - €27.3M
@mavigadgets,https://youtube.com/@mavigadgets,MaviGadget,entertainment,US,66th,"Nov 19th, 2017",+66.6K,"+69,789,280",€476.3K - €7.6M,75th,8th,https://socialblade.com/youtube/channel/UCJfNJmcv6LXCDsaa2kB_-7A,177th,28.7M,2M,4846,103rd,25521582943,2.094B,€5.7M - €91.5M
@martaandrustam,https://youtube.com/@martaandrustam,Marta and Rustam,comedy,US,47th,"Jun 21st, 2021",+33.3K,"+21,901,095",€149.5K - €2.4M,9th,121st,https://socialblade.com/youtube/channel/UCm-Qr3k89gtXcuv2jL29XFw,145th,32.1M,1M,1072,87th,26988002348,657.033M,€1.8M - €28.7M
@depechemodevevo,https://youtube.com/@depechemodevevo,DepecheModeVEVO,music,US,"1,685th","Jan 3rd, 2010",--,"+64,366,222",€439.3K - €7M,"1,527th",9th,https://socialblade.com/youtube/channel/UC90vR_MFeheV3V6nmjvXIng,"1,951st",369K,--,170,"4,406th",2690602696,1.931B,€5.3M - €84.3M
@dylan_anderson,https://youtube.com/@dylan_anderson,Dylan Anderson,entertainment,US,202nd,"Sep 5th, 2010",+10K,"+24,213,681",€165.3K - €2.6M,205th,120th,https://socialblade.com/youtube/channel/UCpuT8AlP9P9EgW_pZ0_xInQ,338th,11.9M,300K,2145,125th,23631050584,726.41M,€2M - €31.7M
